-- ============================================================
-- AMP CRM - SAMPLE TEST DATA
-- ============================================================
-- Run this AFTER running add_tasks_table.sql migration
-- This creates realistic test data to populate the CRM
-- ============================================================

BEGIN;

-- =========================
-- SAMPLE MEMBERS
-- =========================
-- Note: AMP IDs will be auto-generated by trigger

INSERT INTO public.members (id, full_name, first_name, last_name, phone, email, city, state, country, is_active)
VALUES
  ('550e8400-e29b-41d4-a716-446655440001', 'Ahmed Khan', 'Ahmed', 'Khan', '+91-98765-43210', 'ahmed.khan@example.com', 'Mumbai', 'Maharashtra', 'India', true),
  ('550e8400-e29b-41d4-a716-446655440002', 'Fatima Rahman', 'Fatima', 'Rahman', '+91-98765-43211', 'fatima.rahman@example.com', 'Delhi', 'Delhi', 'India', true),
  ('550e8400-e29b-41d4-a716-446655440003', 'Omar Siddiqui', 'Omar', 'Siddiqui', '+91-98765-43212', 'omar.siddiqui@example.com', 'Bangalore', 'Karnataka', 'India', true),
  ('550e8400-e29b-41d4-a716-446655440004', 'Aisha Patel', 'Aisha', 'Patel', '+91-98765-43213', 'aisha.patel@example.com', 'Hyderabad', 'Telangana', 'India', true),
  ('550e8400-e29b-41d4-a716-446655440005', 'Yusuf Ali', 'Yusuf', 'Ali', '+91-98765-43214', 'yusuf.ali@example.com', 'Chennai', 'Tamil Nadu', 'India', true);

-- =========================
-- MEMBER STATUS
-- =========================
INSERT INTO public.member_status (member_id, status, last_contacted_at, last_activity_at)
VALUES
  ('550e8400-e29b-41d4-a716-446655440001', 'active', NOW() - INTERVAL '5 days', NOW() - INTERVAL '2 days'),
  ('550e8400-e29b-41d4-a716-446655440002', 'active', NOW() - INTERVAL '10 days', NOW() - INTERVAL '3 days'),
  ('550e8400-e29b-41d4-a716-446655440003', 'active', NOW() - INTERVAL '7 days', NOW() - INTERVAL '1 day'),
  ('550e8400-e29b-41d4-a716-446655440004', 'pending', NOW() - INTERVAL '15 days', NULL),
  ('550e8400-e29b-41d4-a716-446655440005', 'inactive', NOW() - INTERVAL '60 days', NOW() - INTERVAL '45 days');

-- =========================
-- MEMBER SCORES (Will be auto-updated by activities, but setting initial values)
-- =========================
INSERT INTO public.member_scores (member_id, total_score, last_activity_at)
VALUES
  ('550e8400-e29b-41d4-a716-446655440001', 450, NOW() - INTERVAL '2 days'),
  ('550e8400-e29b-41d4-a716-446655440002', 750, NOW() - INTERVAL '3 days'),
  ('550e8400-e29b-41d4-a716-446655440003', 320, NOW() - INTERVAL '1 day'),
  ('550e8400-e29b-41d4-a716-446655440004', 100, NULL),
  ('550e8400-e29b-41d4-a716-446655440005', 250, NOW() - INTERVAL '45 days');

-- =========================
-- PROJECTS
-- =========================
INSERT INTO public.projects (id, name, type, start_date, end_date)
VALUES
  (1, 'Job Fair 2024', 'job_fair', '2024-03-01', '2024-03-02'),
  (2, 'Leadership Training Program', 'training', '2024-04-15', '2024-05-15'),
  (3, 'Tech Workshop Series', 'workshop', '2024-06-01', '2024-08-31'),
  (4, 'Industry Connect Meetup', 'industry_connect', '2024-07-20', NULL),
  (5, 'Talent Assessment Exam', 'talent_exam', '2024-09-10', '2024-09-10');

-- =========================
-- PROJECT MEMBERS
-- =========================
INSERT INTO public.project_members (project_id, member_id, role)
VALUES
  (1, '550e8400-e29b-41d4-a716-446655440001', 'coordinator'),
  (1, '550e8400-e29b-41d4-a716-446655440002', 'volunteer'),
  (2, '550e8400-e29b-41d4-a716-446655440002', 'lead'),
  (2, '550e8400-e29b-41d4-a716-446655440003', 'volunteer'),
  (3, '550e8400-e29b-41d4-a716-446655440001', 'volunteer'),
  (3, '550e8400-e29b-41d4-a716-446655440003', 'coordinator'),
  (4, '550e8400-e29b-41d4-a716-446655440002', 'volunteer');

-- =========================
-- TASKS (Note: assigned_to should be actual user UUIDs from auth.users)
-- For now, leaving assigned_to as NULL - you can update with real user IDs later
-- =========================
INSERT INTO public.tasks (title, description, status, priority, due_date, related_member_id, related_project_id)
VALUES
  ('Follow up with Ahmed Khan', 'Call to discuss volunteer opportunities', 'pending', 'high', NOW() + INTERVAL '2 days', '550e8400-e29b-41d4-a716-446655440001', NULL),
  ('Review Aisha Patel application', 'Review membership application documents', 'in_progress', 'medium', NOW() + INTERVAL '5 days', '550e8400-e29b-41d4-a716-446655440004', NULL),
  ('Prepare Job Fair materials', 'Design posters and prepare registration forms', 'completed', 'high', '2024-02-25', NULL, 1),
  ('Send training schedule to Fatima', 'Email the updated training schedule', 'pending', 'medium', NOW() + INTERVAL '3 days', '550e8400-e29b-41d4-a716-446655440002', 2),
  ('Tech Workshop venue booking', 'Confirm venue for next workshop', 'delayed', 'high', NOW() - INTERVAL '1 day', NULL, 3),
  ('Update Omar on Industry Connect', 'Share event details and speaker lineup', 'pending', 'low', NOW() + INTERVAL '7 days', '550e8400-e29b-41d4-a716-446655440003', 4),
  ('Schedule call with new volunteers', 'Onboarding call for orientation', 'in_progress', 'medium', NOW() + INTERVAL '1 day', NULL, NULL);

-- =========================
-- MEMBER ACTIVITIES
-- Note: These will auto-update member_scores via trigger
-- =========================
INSERT INTO public.member_activities (member_id, activity_type_id, score_earned, metadata, created_at)
VALUES
  -- Ahmed's activities
  ('550e8400-e29b-41d4-a716-446655440001', 1, 100, '{"amount": 5000, "campaign": "ramadan_2024"}', NOW() - INTERVAL '10 days'),
  ('550e8400-e29b-41d4-a716-446655440001', 3, 200, '{"event": "Job Fair 2024", "hours": 8}', NOW() - INTERVAL '5 days'),
  ('550e8400-e29b-41d4-a716-446655440001', 4, 50, '{"event": "Industry Connect Meetup"}', NOW() - INTERVAL '2 days'),
  
  -- Fatima's activities
  ('550e8400-e29b-41d4-a716-446655440002', 2, 150, '{"referred": "Aisha Patel"}', NOW() - INTERVAL '30 days'),
  ('550e8400-e29b-41d4-a716-446655440002', 5, 100, '{"workshop": "Leadership Fundamentals"}', NOW() - INTERVAL '15 days'),
  ('550e8400-e29b-41d4-a716-446655440002', 3, 200, '{"event": "Leadership Training", "hours": 10}', NOW() - INTERVAL '10 days'),
  ('550e8400-e29b-41d4-a716-446655440002', 6, 150, '{"project": "Training Program", "role": "lead"}', NOW() - INTERVAL '3 days'),
  
  -- Omar's activities
  ('550e8400-e29b-41d4-a716-446655440003', 4, 50, '{"event": "Tech Workshop #1"}', NOW() - INTERVAL '20 days'),
  ('550e8400-e29b-41d4-a716-446655440003', 3, 200, '{"event": "Tech Workshop Series", "hours": 6}', NOW() - INTERVAL '5 days'),
  ('550e8400-e29b-41d4-a716-446655440003', 1, 100, '{"amount": 3000, "campaign": "education_fund"}', NOW() - INTERVAL '1 day'),
  
  -- Aisha's activities (new member)
  ('550e8400-e29b-41d4-a716-446655440004', 4, 50, '{"event": "Industry Connect Meetup"}', NOW() - INTERVAL '2 days');

-- =========================
-- DONATIONS
-- =========================
INSERT INTO public.donations (member_id, amount, payment_mode, reference_no, created_at)
VALUES
  ('550e8400-e29b-41d4-a716-446655440001', 5000.00, 'upi', 'UPI/2024/001', NOW() - INTERVAL '10 days'),
  ('550e8400-e29b-41d4-a716-446655440001', 2000.00, 'upi', 'UPI/2024/012', NOW() - INTERVAL '60 days'),
  ('550e8400-e29b-41d4-a716-446655440002', 10000.00, 'bank_transfer', 'TXN/2024/045', NOW() - INTERVAL '90 days'),
  ('550e8400-e29b-41d4-a716-446655440002', 3000.00, 'cash', NULL, NOW() - INTERVAL '15 days'),
  ('550e8400-e29b-41d4-a716-446655440003', 3000.00, 'upi', 'UPI/2024/023', NOW() - INTERVAL '1 day'),
  ('550e8400-e29b-41d4-a716-446655440005', 1500.00, 'cheque', 'CHQ/123456', NOW() - INTERVAL '120 days');

-- =========================
-- REFERRALS
-- =========================
INSERT INTO public.member_referrals (referrer_member_id, referred_name, referred_phone, referred_email, status, joined_member_id, created_at)
VALUES
  ('550e8400-e29b-41d4-a716-446655440002', 'Aisha Patel', '+91-98765-43213', 'aisha.patel@example.com', 'approved', '550e8400-e29b-41d4-a716-446655440004', NOW() - INTERVAL '35 days'),
  ('550e8400-e29b-41d4-a716-446655440001', 'Zain Ahmed', '+91-98765-43220', 'zain.ahmed@example.com', 'pending', NULL, NOW() - INTERVAL '5 days'),
  ('550e8400-e29b-41d4-a716-446655440003', 'Sarah Khan', '+91-98765-43221', 'sarah.khan@example.com', 'contacted', NULL, NOW() - INTERVAL '15 days'),
  ('550e8400-e29b-41d4-a716-446655440002', 'Bilal Sheikh', '+91-98765-43222', 'bilal.sheikh@example.com', 'rejected', NULL, NOW() - INTERVAL '90 days');

-- =========================
-- VOLUNTEER APPLICATIONS
-- =========================
INSERT INTO public.volunteer_applications (full_name, phone, email, city, skills, availability, referred_by_amp_id, referrer_member_id, status, created_at)
VALUES
  ('Riya Sharma', '+91-98765-43230', 'riya.sharma@example.com', 'Pune', 'Event Management, Communication', 'Weekends', NULL, NULL, 'applied', NOW() - INTERVAL '3 days'),
  ('Imran Malik', '+91-98765-43231', 'imran.malik@example.com', 'Mumbai', 'Graphic Design, Social Media', 'Flexible', NULL, NULL, 'approved', NOW() - INTERVAL '20 days'),
  ('Noor Ansari', '+91-98765-43232', 'noor.ansari@example.com', 'Delhi', 'Teaching, Mentoring', 'Weekday evenings', NULL, NULL, 'reviewing', NOW() - INTERVAL '7 days'),
  ('Kabir Hussain', '+91-98765-43233', 'kabir.hussain@example.com', 'Bangalore', 'Software Development, Tech', 'Weekends', NULL, NULL, 'rejected', NOW() - INTERVAL '45 days');

COMMIT;

-- =========================
-- VERIFICATION QUERIES
-- =========================
-- Run these to verify data was inserted correctly

-- Check members count
-- SELECT COUNT(*) as total_members FROM members WHERE is_active = true;

-- Check tasks with relations
-- SELECT t.id, t.title, t.status, m.full_name as related_member, p.name as related_project
-- FROM tasks t
-- LEFT JOIN members m ON t.related_member_id = m.id
-- LEFT JOIN projects p ON t.related_project_id = p.id;

-- Check member scores (should be updated by trigger)
-- SELECT m.full_name, ms.total_score
-- FROM members m
-- JOIN member_scores ms ON m.id = ms.member_id
-- ORDER BY ms.total_score DESC;

-- Check project member counts
-- SELECT p.name, COUNT(pm.member_id) as member_count
-- FROM projects p
-- LEFT JOIN project_members pm ON p.id = pm.project_id
-- GROUP BY p.id, p.name;

-- Summary stats
-- SELECT 
--   (SELECT COUNT(*) FROM members WHERE is_active = true) as total_members,
--   (SELECT COUNT(*) FROM tasks WHERE status = 'pending') as pending_tasks,
--   (SELECT COUNT(*) FROM volunteer_applications WHERE status = 'approved') as active_volunteers,
--   (SELECT SUM(amount) FROM donations WHERE created_at >= DATE_TRUNC('month', CURRENT_DATE)) as donations_this_month;
